{"cameraMode":{"drawMode":0,"name":"Shaded","section":"Shading Mode"},"sceneLighting":true,"audioPlay":false,"sceneViewState":{"m_AlwaysRefresh":false,"showFog":true,"showSkybox":true,"showFlares":true,"showImageEffects":true,"showParticleSystems":true,"showVisualEffectGraphs":true,"m_FxEnabled":false},"in2DMode":false,"pivot":{"x":630.7657470703125,"y":293.9899597167969,"z":-106.092041015625},"rotation":{"x":0.031184567138552667,"y":0.014092913828790188,"z":0.0003922476607840508,"w":-0.9994710683822632},"size":301.3629150390625,"orthographic":false}