{"cameraMode":{"drawMode":0,"name":"Shaded","section":"Shading Mode"},"sceneLighting":true,"audioPlay":false,"sceneViewState":{"m_AlwaysRefresh":false,"showFog":true,"showSkybox":true,"showFlares":true,"showImageEffects":true,"showParticleSystems":true,"showVisualEffectGraphs":true,"m_FxEnabled":false},"in2DMode":false,"pivot":{"x":573.9977416992188,"y":338.36456298828127,"z":-106.4990234375},"rotation":{"x":-0.05877867713570595,"y":0.003588953288272023,"z":-0.00026137931854464114,"w":-0.9983211159706116},"size":331.56060791015627,"orthographic":false}